link_company,name_company,code,international_name,acronyms_name,address,representative,phone_number,day_of_operation,main_job,update_time,Status,id,status_of_company,list_business,list_website
https://hosocongty.vn/cong-ty-tnhh-p-p-healing-house-com-1858485.htm,CÔNG TY TNHH P&P HEALING HOUSE,315717961,"P&P HEALING HOUSE CO.,LTD",,"433 Phạm Văn Bạch, Phường 15, Quận Tân Bình, TP Hồ Chí Minh",LÊ THỊ PHƯƠNG ANH,387007081, 04/06/2019, Bán buôn thực phẩm,4/6/2019,TRUE,315717961,NNT đang hoạt động (đã được cấp GCN ĐKT),"[{'4632': 'Bán buôn thực phẩm'}, {'4722': 'Bán lẻ thực phẩm trong các cửa hàng chuyên doanh'}, {'4723': 'Bán lẻ đồ uống trong các cửa hàng chuyên doanh'}, {'4610': 'Đại lý, môi giới, đấu giá'}, {'4759': 'Bán lẻ đồ điện gia dụng, giường, tủ, bàn, ghế và đồ nội thất tương tự, đèn và bộ đèn điện, đồ dùng gia đình khác chưa được phân vào đâu trong các cửa hàng chuyên doanh'}, {'5610': 'Nhà hàng và các dịch vụ ăn uống phục vụ lưu động'}, {'4659': 'Bán buôn máy móc, thiết bị và phụ tùng máy khác'}, {'8230': 'Tổ chức giới thiệu và xúc tiến thương mại'}, {'4741': 'Bán lẻ máy vi tính, thiết bị ngoại vi, phần mềm và thiết bị viễn thông trong các cửa hàng chuyên doanh'}, {'4772': 'Bán lẻ thuốc, dụng cụ y tế, mỹ phẩm và vật phẩm vệ sinh trong các cửa hàng chuyên doanh'}, {'4652': 'Bán buôn thiết bị và linh kiện điện tử, viễn thông'}, {'4771': 'Bán lẻ hàng may mặc, giày dép, hàng da và giả da trong các cửa hàng chuyên doanh'}, {'4773': 'Bán lẻ hàng hóa khác mới trong các cửa hàng chuyên doanh'}, {'4641': 'Bán buôn vải, hàng may sẵn, giày dép'}, {'4633': 'Bán buôn đồ uống'}, {'4669': 'Bán buôn chuyên doanh khác chưa được phân vào đâu'}, {'4649': 'Bán buôn đồ dùng khác cho gia đình'}, {'7730': 'Cho thuê máy móc, thiết bị và đồ dùng hữu hình khác'}, {'4651': 'Bán buôn máy vi tính, thiết bị ngoại vi và phần mềm'}]","[{'title': 'CÔNG TY TNHH P-TRADING', 'url': 'https://www.topcv.vn/cong-ty/cong-ty-tnhh-p-trading/98768.html'}, {'title': 'Công ty TNHH P-Techno Việt Nam: Trang chủ', 'url': 'http://p-techno.com/'}, {'title': '0314751078 - CÔNG TY TNHH P GROUP', 'url': 'https://masothue.com/0314751078-cong-ty-tnhh-p-group'}, {'title': 'VĂN PHÒNG ĐẠI DIỆN CÔNG TY TNHH P - Mã số thuế ...', 'url': 'https://thuvienphapluat.vn/ma-so-thue/van-phong-dai-dien-cong-ty-tnhh-p-mst-0122031277.html'}, {'title': 'Công ty TNHH P. Dussmann Việt Nam', 'url': 'https://www.dussmann.vn/vi/dussmann-service/cong-ty/'}]"
https://hosocongty.vn/cong-ty-tnhh-xuat-nhap-khau-kore-com-1858484.htm,CÔNG TY TNHH XUẤT NHẬP KHẨU KORE,315717954,"KORE IMPORT EXPORT CO., LTD",,"Lầu 1, 170-170 Bis Bùi Thị Xuân, Phường Phạm Ngũ Lão, Quận 1, TP Hồ Chí Minh",NGUYỄN THỊ BẠCH TUYẾT,, 04/06/2019, Bán buôn chuyên doanh khác chưa được phân vào đâu,4/6/2019,TRUE,315717954,NNT đang hoạt động (đã được cấp GCN ĐKT),"[{'4669': 'Bán buôn chuyên doanh khác chưa được phân vào đâu'}, {'4773': 'Bán lẻ hàng hóa khác mới trong các cửa hàng chuyên doanh'}]","[{'title': '0315717954 - CÔNG TY TNHH XUẤT NHẬP KHẨU KORE', 'url': 'https://masothue.com/0315717954-cong-ty-tnhh-xuat-nhap-khau-kore'}, {'title': '0315717954 - CÔNG TY TNHH XUẤT NHẬP KHẨU KORE', 'url': 'https://thuvienphapluat.vn/ma-so-thue/cong-ty-tnhh-xuat-nhap-khau-kore-mst-0315717954.html'}, {'title': '0315717954 - CÔNG TY TNHH XUẤT NHẬP KHẨU KORE', 'url': 'https://massothue.com/tra-cuu-ma-so-thue/0315717954'}, {'title': 'CÔNG TY TNHH XUẤT NHẬP KHẨU QUỐC TẾ KOREA', 'url': 'https://masothue.com/2400980822-cong-ty-tnhh-xuat-nhap-khau-quoc-te-korea'}, {'title': 'ORGANIC FARMS KOREA', 'url': 'https://oneoneone.vn/organic-farms-korea/'}]"
https://hosocongty.vn/cong-ty-tnhh-dich-vu-bat-dong-san-h---n-com-1858483.htm,CÔNG TY TNHH DỊCH VỤ BẤT ĐỘNG SẢN H & N,315717922,H & N REAL ESTATE SERVICE COMPANY LIMITED,,"Tầng 14, Tòa nhà HM Town, 412 Nguyễn Thị Minh Khai, Phuờng 05, Quận 3, TP Hồ Chí Minh",PHAN THỊ HUYỀN NGA,, 04/06/2019," Tư vấn, môi giới, đấu giá bất động sản, đấu giá quyền sử dụng đất",4/6/2019,TRUE,315717922,NNT đang hoạt động (đã được cấp GCN ĐKT),"[{'6820': 'Tư vấn, môi giới, đấu giá bất động sản, đấu giá quyền sử dụng đất'}, {'4610': 'Đại lý, môi giới, đấu giá'}]","[{'title': 'CÔNG TY TNHH DỊCH VỤ BẤT ĐỘNG SẢN A HÙ', 'url': 'https://masothue.com/0317473365-cong-ty-tnhh-dich-vu-bat-dong-san-a-hu'}, {'title': 'CÔNG TY TNHH DỊCH VỤ BẤT ĐỘNG SẢN H N', 'url': 'https://thuvienphapluat.vn/ma-so-thue/cong-ty-tnhh-dich-vu-bat-dong-san-h-n-mst-0315717922.html'}, {'title': 'CÔNG TY TNHH DỊCH VỤ BẤT ĐỘNG SẢN GH LAND', 'url': 'https://masothue.com/3502354022-cong-ty-tnhh-dich-vu-bat-dong-san-gh-land'}, {'title': 'Công ty TNHH Dịch vụ Bất Động Sản Premier Việt Nam', 'url': 'https://www.pghouse.vn/doanh-nghiep-vang/cong-ty-tnhh-dich-vu-bat-dong-san-premier-viet-nam-10875.html'}, {'title': 'CÔNG TY TNHH DỊCH VỤ BẤT ĐỘNG SẢN REDCA', 'url': 'https://thuvienphapluat.vn/ma-so-thue/cong-ty-tnhh-dich-vu-bat-dong-san-redca-mst-0318476288.html'}]"
https://hosocongty.vn/cong-ty-tnhh-thuong-mai-dich-vu-czc-com-1858482.htm,CÔNG TY TNHH THƯƠNG MẠI DỊCH VỤ C.Z.C,315717915,,,"21/15/9 Trường Sơn, Phường 4, Quận Tân Bình, TP Hồ Chí Minh",ĐINH THỊ THU THỦY,985377788, 04/06/2019, Bán buôn kim loại và quặng kim loại,4/6/2019,TRUE,315717915,NNT đang hoạt động (đã được cấp GCN ĐKT),"[{'4662': 'Bán buôn kim loại và quặng kim loại'}, {'4663': 'Bán buôn vật liệu, thiết bị lắp đặt khác trong xây dựng'}, {'5210': 'Kho bãi và lưu giữ hàng hóa'}, {'4669': 'Bán buôn chuyên doanh khác chưa được phân vào đâu'}, {'4390': 'Hoạt động xây dựng chuyên dụng khác'}, {'4933': 'Vận tải hàng hóa bằng đường bộ'}, {'5022': 'Vận tải hàng hóa đường thuỷ nội địa'}]","[{'title': 'CÔNG TY TNHH THƯƠNG MẠI DỊCH VỤ C.Z.C', 'url': 'https://masothue.com/0315717915-cong-ty-tnhh-thuong-mai-dich-vu-c-z-c'}, {'title': 'CÔNG TY TNHH THƯƠNG MẠI - DỊCH VỤ TÀI PHÁT', 'url': 'https://www.taiphat.vn/'}, {'title': 'Công ty TNHH TM DV KT Minh Khang', 'url': 'https://minhkhang.com.vn/'}, {'title': 'CÔNG TY TNHH THƯƠNG MẠI – DỊCH VỤ - ĐẦU TƯ VIETIN', 'url': 'https://vietincoseco.vn/'}, {'title': '0315717915 - Công Ty TNHH Thương Mại Dịch Vụ C.z.c', 'url': 'https://masocongty.vn/company/2797813/cong-ty-tnhh-thuong-mai-dich-vu-c-z-c.html'}]"
https://hosocongty.vn/cong-ty-tnhh-thuong-mai-dich-vu-van-tai-song-nhat-com-1858481.htm,CÔNG TY TNHH THƯƠNG MẠI DỊCH VỤ VẬN TẢI SONG NHẬT,315717898,,,"18B Đường 44 Hồ Bá Phấn, Phường Phước Long A, Quận 9, TP Hồ Chí Minh",HỒ ĐÌNH PHƯƠNG,901447338, 04/06/2019, Vận tải hàng hóa bằng đường bộ,4/6/2019,TRUE,315717898,NNT đang hoạt động (đã được cấp GCN ĐKT),"[{'4933': 'Vận tải hàng hóa bằng đường bộ'}, {'5225': 'Hoạt động dịch vụ hỗ trợ trực tiếp cho vận tải đường bộ'}, {'5229': 'Hoạt động dịch vụ hỗ trợ khác liên quan đến vận tải'}, {'5210': 'Kho bãi và lưu giữ hàng hóa'}, {'7710': 'Cho thuê xe có động cơ'}, {'5224': 'Bốc xếp hàng hóa'}]","[{'title': '0315717898 - CÔNG TY TNHH THƯƠNG MẠI DỊCH VỤ ...', 'url': 'https://masothue.com/0315717898-cong-ty-tnhh-thuong-mai-dich-vu-van-tai-song-nhat'}, {'title': 'Công ty TNHH TM DV Song Nhật: Trang chủ', 'url': 'https://songnhat.com.vn/'}, {'title': 'CÔNG TY TNHH THƯƠNG MẠI DỊCH VỤ VẬN TẢI SONG ...', 'url': 'https://thuvienphapluat.vn/ma-so-thue/cong-ty-tnhh-thuong-mai-dich-vu-van-tai-song-nhat-mst-0315717898.html'}, {'title': 'CÔNG TY TNHH THƯƠNG MẠI DỊCH VỤ SONG NHẬT', 'url': 'https://masothue.com/0309917377-cong-ty-tnhh-thuong-mai-dich-vu-song-nhat'}, {'title': 'Giới thiệu', 'url': 'https://songnhat.com.vn/gioi-thieu/'}]"
https://hosocongty.vn/cong-ty-tnhh-my-pham-spa-beauty-queen-com-1858480.htm,CÔNG TY TNHH MỸ PHẨM SPA BEAUTY QUEEN,315718891,,,"17 Thăng Long, Phường 4, Quận Tân Bình, TP Hồ Chí Minh",NGUYỄN THỊ THANH HÒA,, 04/06/2019, Hoạt động dịch vụ phục vụ cá nhân khác còn lại chưa được phân vào đâu,4/6/2019,TRUE,315718891,NNT đang hoạt động (đã được cấp GCN ĐKT),"[{'9639': 'Hoạt động dịch vụ phục vụ cá nhân khác còn lại chưa được phân vào đâu'}, {'4632': 'Bán buôn thực phẩm'}, {'6820': 'Tư vấn, môi giới, đấu giá bất động sản, đấu giá quyền sử dụng đất'}, {'4772': 'Bán lẻ thuốc, dụng cụ y tế, mỹ phẩm và vật phẩm vệ sinh trong các cửa hàng chuyên doanh'}, {'9610': 'Dịch vụ tắm hơi, massage và các dịch vụ tăng cường sức khoẻ tương tự (trừ hoạt động thể thao)'}, {'4649': 'Bán buôn đồ dùng khác cho gia đình'}, {'9631': 'Cắt tóc, làm đầu, gội đầu'}]","[{'title': 'CÔNG TY TNHH MỸ PHẨM SPA BEAUTY QUEEN', 'url': 'https://masothue.com/0315718891-cong-ty-tnhh-my-pham-spa-beauty-queen'}, {'title': 'CÔNG TY TNHH MỸ PHẨM SPA BEAUTY QUEEN', 'url': 'https://thuvienphapluat.vn/ma-so-thue/cong-ty-tnhh-my-pham-spa-beauty-queen-mst-0315718891.html'}, {'title': 'CÔNG TY TNHH MỸ PHẨM SPA BEAUTY QUEEN - FiinGate Website', 'url': 'https://fiingate.vn/BusinessDirectory/CompanyDetail/1100618?lang=vi-VN'}, {'title': 'Mỹ Phẩm Beauty Queen: Trang chủ', 'url': 'https://myphambeautyqueen.net/'}, {'title': '0401595058 - CÔNG TY TNHH MỸ PHẨM BEAUTY QUEEN', 'url': 'https://masothue.com/0401595058-cong-ty-tnhh-my-pham-beauty-queen'}]"
https://hosocongty.vn/cong-ty-co-phan-viet-fast-holdings-com-1858479.htm,CÔNG TY CỔ PHẦN VIET FAST HOLDINGS,315717993,VIET FAST HOLDINGS,,"596 Nguyễn Đình Chiểu, Phường 03, Quận 3, TP Hồ Chí Minh",NGUYỄN ĐỨC HẢI,(028)22676999, 04/06/2019," Kinh doanh bất động sản, quyền sử dụng đất thuộc chủ sở hữu, chủ sử dụng hoặc đi thuê",4/6/2019,TRUE,315717993,NNT đang hoạt động (đã được cấp GCN ĐKT),"[{'6810': 'Kinh doanh bất động sản, quyền sử dụng đất thuộc chủ sở hữu, chủ sử dụng hoặc đi thuê'}, {'5820': 'Xuất bản phần mềm'}, {'6201': 'Lập trình máy vi tính'}, {'6399': 'Dịch vụ thông tin khác chưa được phân vào đâu'}, {'4931': 'Vận tải hành khách đường bộ trong nội thành, ngoại thành (trừ vận tải bằng xe buýt)'}, {'5012': 'Vận tải hàng hóa ven biển và viễn dương'}, {'5221': 'Hoạt động dịch vụ hỗ trợ trực tiếp cho vận tải đường sắt và đường bộ'}, {'5225': 'Hoạt động dịch vụ hỗ trợ trực tiếp cho vận tải đường bộ'}, {'5229': 'Hoạt động dịch vụ hỗ trợ khác liên quan đến vận tải'}, {'4610': 'Đại lý, môi giới, đấu giá'}, {'7212': 'Nghiên cứu khoa học và phát triển công nghệ trong lĩnh vực khoa học kỹ thuật và công nghệ'}, {'7320': 'Nghiên cứu thị trường và thăm dò dư luận'}, {'1520': 'Sản xuất giày dép'}, {'4932': 'Vận tải hành khách đường bộ khác'}, {'5011': 'Vận tải hành khách ven biển và viễn dương'}, {'6820': 'Tư vấn, môi giới, đấu giá bất động sản, đấu giá quyền sử dụng đất'}, {'8230': 'Tổ chức giới thiệu và xúc tiến thương mại'}, {'1410': 'May trang phục (trừ trang phục từ da lông thú)'}, {'1812': 'Dịch vụ liên quan đến in'}, {'5911': 'Hoạt động sản xuất phim điện ảnh, phim video và chương trình truyền hình'}, {'4922': 'Vận tải hành khách bằng xe buýt giữa nội thành và ngoại thành, liên tỉnh'}, {'5222': 'Hoạt động dịch vụ hỗ trợ trực tiếp cho vận tải đường thủy'}, {'7020': 'Hoạt động tư vấn quản lý'}, {'4771': 'Bán lẻ hàng may mặc, giày dép, hàng da và giả da trong các cửa hàng chuyên doanh'}, {'4929': 'Vận tải hành khách bằng xe buýt loại khác'}, {'5210': 'Kho bãi và lưu giữ hàng hóa'}, {'4641': 'Bán buôn vải, hàng may sẵn, giày dép'}, {'6619': 'Hoạt động hỗ trợ dịch vụ tài chính chưa được phân vào đâu'}, {'1420': 'Sản xuất sản phẩm từ da lông thú'}, {'4911': 'Vận tải hành khách đường sắt'}, {'7211': 'Nghiên cứu khoa học và phát triển công nghệ trong lĩnh vực khoa học tự nhiên'}, {'5021': 'Vận tải hành khách đường thuỷ nội địa'}, {'4649': 'Bán buôn đồ dùng khác cho gia đình'}, {'7420': 'Hoạt động nhiếp ảnh'}, {'1430': 'Sản xuất trang phục dệt kim, đan móc'}, {'1811': 'In ấn'}, {'1511': 'Thuộc, sơ chế da; sơ chế và nhuộm da lông thú'}, {'5912': 'Hoạt động hậu kỳ'}, {'6190': 'Hoạt động viễn thông khác'}, {'6209': 'Hoạt động dịch vụ công nghệ thông tin và dịch vụ khác liên quan đến máy vi tính'}, {'4921': 'Vận tải hành khách bằng xe buýt trong nội thành'}, {'4933': 'Vận tải hàng hóa bằng đường bộ'}, {'5022': 'Vận tải hàng hóa đường thuỷ nội địa'}, {'7310': 'Quảng cáo'}, {'1512': 'Sản xuất vali, túi xách và các loại tương tự, sản xuất yên đệm'}, {'1820': 'Sao chép bản ghi các loại'}, {'6202': 'Tư vấn máy vi tính và quản trị hệ thống máy vi tính'}, {'6311': 'Xử lý dữ liệu, cho thuê và các hoạt động liên quan'}, {'6312': 'Cổng thông tin'}, {'4912': 'Vận tải hàng hóa đường sắt'}]","[{'title': '0315717993 - CÔNG TY CỔ PHẦN VIET FAST HOLDINGS', 'url': 'https://masothue.com/0315717993-cong-ty-co-phan-viet-fast-holdings'}, {'title': '0315717993 - CÔNG TY CỔ PHẦN VIET FAST HOLDINGS', 'url': 'https://thuvienphapluat.vn/ma-so-thue/cong-ty-co-phan-viet-fast-holdings-mst-0315717993.html'}, {'title': '0315717993 - Công Ty Cổ Phần Viet Fast Holdings', 'url': 'https://www.tratencongty.com/company/4bf48ca9-cong-ty-co-phan-viet-fast-holdings/'}, {'title': 'CÔNG TY CỔ PHẦN VIET FAST HOLDINGS - Mã số thuế 0315717993', 'url': 'https://tncnonline.com.vn/cong-ty-co-phan-viet-fast-holdings-0315717993.htm'}, {'title': 'Chưa được cấp phép, nhà máy 30 triệu USD vẫn ngang ...', 'url': 'https://www.baogiaothong.vn/chua-duoc-cap-phep-nha-may-30-trieu-usd-van-ngang-nhien-dau-noi-vao-quoc-lo-de-thi-cong-192240229174948327.htm'}]"
https://hosocongty.vn/cong-ty-co-phan-tinh-hoa-bach-nghe-smentor-com-1858478.htm,CÔNG TY CỔ PHẦN TINH HOA BÁCH NGHỆ SMENTOR,315717986,TINH HOA BACH NGHE SMENTOR JOINT STOCK COMPANY,,"1/40 Cù Chính Lan, Phường 13, Quận Tân Bình, TP Hồ Chí Minh",PHAN HUỲNH ANH,, 04/06/2019, Hoạt động tư vấn quản lý,4/6/2019,TRUE,315717986,NNT đang hoạt động (đã được cấp GCN ĐKT),"[{'7020': 'Hoạt động tư vấn quản lý'}, {'8110': 'Dịch vụ hỗ trợ tổng hợp'}, {'4101': 'Xây dựng nhà để ở'}, {'4211': 'Xây dựng công trình đường sắt'}, {'4221': 'Xây dựng công trình điện'}, {'4330': 'Hoàn thiện công trình xây dựng'}, {'4610': 'Đại lý, môi giới, đấu giá'}, {'7212': 'Nghiên cứu khoa học và phát triển công nghệ trong lĩnh vực khoa học kỹ thuật và công nghệ'}, {'7320': 'Nghiên cứu thị trường và thăm dò dư luận'}, {'5610': 'Nhà hàng và các dịch vụ ăn uống phục vụ lưu động'}, {'4322': 'Lắp đặt hệ thống cấp, thoát nước, lò sưởi và điều hoà không khí'}, {'4662': 'Bán buôn kim loại và quặng kim loại'}, {'4663': 'Bán buôn vật liệu, thiết bị lắp đặt khác trong xây dựng'}, {'6820': 'Tư vấn, môi giới, đấu giá bất động sản, đấu giá quyền sử dụng đất'}, {'7222': 'Nghiên cứu khoa học và phát triển công nghệ trong lĩnh vực khoa học nhân văn'}, {'7990': 'Dịch vụ đặt chỗ và các dịch vụ hỗ trợ liên quan đến quảng bá và tổ chức tua du lịch'}, {'8230': 'Tổ chức giới thiệu và xúc tiến thương mại'}, {'8511': 'Giáo dục nhà trẻ'}, {'9000': 'Hoạt động sáng tác, nghệ thuật và giải trí'}, {'1812': 'Dịch vụ liên quan đến in'}, {'5630': 'Dịch vụ phục vụ đồ uống'}, {'5911': 'Hoạt động sản xuất phim điện ảnh, phim video và chương trình truyền hình'}, {'5510': 'Dịch vụ lưu trú ngắn ngày'}, {'4223': 'Xây dựng công trình viễn thông, thông tin liên lạc'}, {'4299': 'Xây dựng công trình kỹ thuật dân dụng khác'}, {'4321': 'Lắp đặt hệ thống điện'}, {'4652': 'Bán buôn thiết bị và linh kiện điện tử, viễn thông'}, {'7221': 'Nghiên cứu khoa học và phát triển công nghệ trong lĩnh vực khoa học xã hội'}, {'4312': 'Chuẩn bị mặt bằng'}, {'7490': 'Hoạt động chuyên môn, khoa học và công nghệ khác chưa được phân vào đâu'}, {'4212': 'Xây dựng công trình đường bộ'}, {'4222': 'Xây dựng công trình cấp, thoát nước'}, {'6619': 'Hoạt động hỗ trợ dịch vụ tài chính chưa được phân vào đâu'}, {'8532': 'Giáo dục nghề nghiệp'}, {'7110': 'Hoạt động kiến trúc và tư vấn kỹ thuật có liên quan'}, {'7211': 'Nghiên cứu khoa học và phát triển công nghệ trong lĩnh vực khoa học tự nhiên'}, {'9610': 'Dịch vụ tắm hơi, massage và các dịch vụ tăng cường sức khoẻ tương tự (trừ hoạt động thể thao)'}, {'4229': 'Xây dựng công trình công ích khác'}, {'4291': 'Xây dựng công trình thủy'}, {'4311': 'Phá dỡ'}, {'4390': 'Hoạt động xây dựng chuyên dụng khác'}, {'4649': 'Bán buôn đồ dùng khác cho gia đình'}, {'6810': 'Kinh doanh bất động sản, quyền sử dụng đất thuộc chủ sở hữu, chủ sử dụng hoặc đi thuê'}, {'7410': 'Hoạt động thiết kế chuyên dụng'}, {'7912': 'Điều hành tua du lịch'}, {'8211': 'Dịch vụ hành chính văn phòng tổng hợp'}, {'8551': 'Giáo dục thể thao và giải trí'}, {'1811': 'In ấn'}, {'8560': 'Dịch vụ hỗ trợ giáo dục'}, {'4102': 'Xây dựng nhà không để ở'}, {'7310': 'Quảng cáo'}, {'7911': 'Đại lý du lịch'}, {'8552': 'Giáo dục văn hoá nghệ thuật'}, {'8559': 'Giáo dục khác chưa được phân vào đâu'}]","[{'title': '0316923244 - CÔNG TY TNHH TINH HOA BÁCH NGHỆ ...', 'url': 'https://masothue.com/0316923244-cong-ty-tnhh-tinh-hoa-bach-nghe-thuc-hanh-smentor'}, {'title': 'CÔNG TY TNHH TINH HOA BÁCH NGHỆ THỰC HÀNH ...', 'url': 'https://thuvienphapluat.vn/ma-so-thue/cong-ty-tnhh-tinh-hoa-bach-nghe-thuc-hanh-smentor-mst-0316923244.html'}, {'title': 'công ty cổ phần tinh hoa bách nghệ smentor - MaSoThue', 'url': 'https://massothue.com/tra-cuu-ma-so-thue/0315717986'}, {'title': 'CÔNG TY TNHH TINH HOA BÁCH NGHỆ THỰC HÀNH ...', 'url': 'https://dauthau.net/vi/dn/CONG-TY-TNHH-TINH-HOA-BACH-NGHE-THUC-HANH-SMENTOR/'}, {'title': 'Viện Nghiên Cứu Và Ứng Dụng Việt Nam Bách Nghệ Thực ...', 'url': 'https://www.facebook.com/vienbachnghethuchanhsmentor/'}]"
https://hosocongty.vn/cong-ty-co-phan-my-pham-mioskin-com-1858477.htm,CÔNG TY CỔ PHẦN MỸ PHẨM MIOSKIN,315717979,MIOSKIN COSMETIC JSC,,"Tầng 3, Tòa Nhà Indochina, số 4 Nguyễn Đình Chiểu, Phường Đa Kao, Quận 1, Hồ Chí Minh",Phạm Sang Giàu,938961194, 04/06/2019, Bán buôn đồ dùng khác cho gia đình,4/4/2020 15:04,TRUE,315717979,Đang hoạt động (đã được cấp GCN ĐKT),"[{'4649': 'Bán buôn đồ dùng khác cho gia đình'}, {'4772': 'Bán lẻ thuốc, dụng cụ y tế, mỹ phẩm và vật phẩm vệ sinh trong các cửa hàng chuyên doanh'}, {'7310': 'Quảng cáo'}, {'8230': 'Tổ chức giới thiệu và xúc tiến thương mại'}, {'9000': 'Hoạt động sáng tác, nghệ thuật và giải trí'}]","[{'title': 'Xịt dưỡng tế bào gốc MIOSKIN - nhập khẩu từ Hàn Quốc', 'url': 'https://mioskin.vn/'}, {'title': '0315717979 - CÔNG TY CỔ PHẦN MỸ PHẨM MIOSKIN', 'url': 'https://masothue.com/0315717979-cong-ty-co-phan-my-pham-mioskin'}, {'title': 'CÔNG TY CỔ PHẦN MỸ PHẨM MIOSKIN - Mã số thuế ...', 'url': 'https://thuvienphapluat.vn/ma-so-thue/cong-ty-co-phan-my-pham-mioskin-mst-0315717979.html'}, {'title': 'Công ty Cổ Phần Mỹ Phẩm Mioskin', 'url': 'https://www.topcv.vn/cong-ty/cong-ty-co-phan-my-pham-mioskin/55948.html'}, {'title': 'Từ vụ tranh chấp nhãn hiệu Mioskin: Chuyên gia pháp luật ...', 'url': 'https://phaply.net.vn/tu-vu-tranh-chap-nhan-hieu-mioskin-chuyen-gia-phap-luat-binh-luan-va-dua-ra-khuyen-cao-gi-cho-cac-doanh-nghiep-a241673.html'}]"
https://hosocongty.vn/cong-ty-tnhh-dich-vu-shangri-la-com-1858471.htm,CÔNG TY TNHH DỊCH VỤ SHANGRI-LA,315715883,,,"144 Cao Lỗ, Phường 4, Quận 8, TP Hồ Chí Minh",PHẠM HỒNG SANG,, 04/06/2019," Dịch vụ tắm hơi, massage và các dịch vụ tăng cường sức khoẻ tương tự (trừ hoạt động thể thao)",4/6/2019,TRUE,315715883,NNT đang hoạt động (đã được cấp GCN ĐKT),"[{'9610': 'Dịch vụ tắm hơi, massage và các dịch vụ tăng cường sức khoẻ tương tự (trừ hoạt động thể thao)'}, {'4633': 'Bán buôn đồ uống'}, {'4649': 'Bán buôn đồ dùng khác cho gia đình'}, {'9631': 'Cắt tóc, làm đầu, gội đầu'}]","[{'title': '0315715883 - CÔNG TY TNHH DỊCH VỤ SHANGRI-LA', 'url': 'https://masothue.com/0315715883-cong-ty-tnhh-di-ch-vu-shangri-la'}, {'title': '0315715883 - CÔNG TY TNHH DỊCH VỤ SHANGRI-LA', 'url': 'https://thuvienphapluat.vn/ma-so-thue/cong-ty-tnhh-dich-vu-shangrila-mst-0315715883.html'}, {'title': 'CÔNG TY CỔ PHẦN DỊCH VỤ HOA LÂM SHANGRI-LA', 'url': 'https://masothue.com/0311915962-cong-ty-co-phan-dich-vu-hoa-lam-shangri-la'}, {'title': 'Khu Y tế Kỹ thuật Cao Hoa Lâm Shangri-La ra đời như thế ...', 'url': 'https://giaan115.com/tin-tuc/khu-y-te-ky-thuat-cao-hoa-lam-shangri-la-da-ra-doi-nhu-the-nao'}, {'title': 'CÔNG TY TNHH MASSAGE SHANGRI - LA - Mã số thuế ...', 'url': 'https://thuvienphapluat.vn/ma-so-thue/cong-ty-tnhh-massage-shangri-la-mst-0317171999.html'}]"
https://hosocongty.vn/cong-ty-tnhh-hang-hai-quoc-tuan-com-1858470.htm,CÔNG TY TNHH HÀNG HẢI QUỐC TUẤN,315713741,"QUOC TUAN MARINE CO., LTD",,"316/11B đường Lê Văn Sỹ, Phường 14, Quận 3, TP Hồ Chí Minh",NGUYỄN THẾ QUỐC VĂN,983189089, 04/06/2019," Bán buôn máy móc, thiết bị và phụ tùng máy khác",4/6/2019,TRUE,315713741,NNT đang hoạt động (đã được cấp GCN ĐKT),"[{'4659': 'Bán buôn máy móc, thiết bị và phụ tùng máy khác'}]","[{'title': '0315713741 - CÔNG TY TNHH HÀNG HẢI QUỐC TUẤN', 'url': 'https://masothue.com/0315713741-cong-ty-tnhh-hang-hai-quoc-tuan'}, {'title': '0315713741 - CÔNG TY TNHH HÀNG HẢI QUỐC TUẤN', 'url': 'https://thuvienphapluat.vn/ma-so-thue/cong-ty-tnhh-hang-hai-quoc-tuan-mst-0315713741.html'}, {'title': 'CÔNG TY TNHH HÀNG HẢI QUỐC TUẤN - 0315713741', 'url': 'https://vnmore.com/company-profile/cong-ty-tnhh-hang-hai-quoc-tuan&0315713741&129653'}, {'title': 'CÔNG TY TNHH HÀNG HẢI QUỐC TUẤN', 'url': 'https://doanhnghiepmoi.vn/thong-tin/CONG-TY-TNHH-HANG-HAI-QUOC-TUAN-13741.html'}, {'title': 'Công ty vận tải Quốc Tuấn: Vận tải nhanh 24/7, an toàn, hiệu ...', 'url': 'http://vantaiquoctuan.vn/'}]"
https://hosocongty.vn/cong-ty-tnhh-dau-tu-phat-trien-k-n-viet-nam-com-1858469.htm,CÔNG TY TNHH ĐẦU TƯ PHÁT TRIỂN K&N VIỆT NAM,315712956,K&N VIET NAM DEVELOPMENTAL INVESTMENT COMPANY LIMITED,,"104A Hoàng Hoa Thám, Phường 7, Quận Bình Thạnh, TP Hồ Chí Minh",NGUYỄN ĐỨC KHÔI,, 04/06/2019, Hoạt động của các cơ sở thể thao,4/6/2019,TRUE,315712956,NNT đang hoạt động (đã được cấp GCN ĐKT),"[{'9311': 'Hoạt động của các cơ sở thể thao'}, {'1393': 'Sản xuất thảm, chăn, đệm'}, {'1030': 'Chế biến và bảo quản rau quả'}, {'4931': 'Vận tải hành khách đường bộ trong nội thành, ngoại thành (trừ vận tải bằng xe buýt)'}, {'5012': 'Vận tải hàng hóa ven biển và viễn dương'}, {'5629': 'Dịch vụ ăn uống khác'}, {'2023': 'Sản xuất mỹ phẩm, xà phòng, chất tẩy rửa, làm bóng và chế phẩm vệ sinh'}, {'4101': 'Xây dựng nhà để ở'}, {'4610': 'Đại lý, môi giới, đấu giá'}, {'4653': 'Bán buôn máy móc, thiết bị và phụ tùng máy nông nghiệp'}, {'5610': 'Nhà hàng và các dịch vụ ăn uống phục vụ lưu động'}, {'3700': 'Thoát nước và xử lý nước thải'}, {'9700': 'Hoạt động làm thuê công việc gia đình trong các hộ gia đình'}, {'1812': 'Dịch vụ liên quan đến in'}, {'0121': 'Trồng cây ăn quả'}, {'4711': 'Bán lẻ lương thực, thực phẩm, đồ uống, thuốc lá, thuốc lào chiếm tỷ trọng lớn trong các cửa hàng kinh doanh tổng hợp'}, {'5510': 'Dịch vụ lưu trú ngắn ngày'}, {'4652': 'Bán buôn thiết bị và linh kiện điện tử, viễn thông'}, {'9312': 'Hoạt động của các câu lạc bộ thể thao'}, {'0141': 'Chăn nuôi trâu, bò'}, {'1622': 'Sản xuất đồ gỗ xây dựng'}, {'0111': 'Trồng lúa'}, {'2610': 'Sản xuất linh kiện điện tử'}, {'2620': 'Sản xuất máy vi tính và thiết bị ngoại vi của máy vi tính'}, {'4530': 'Bán phụ tùng và các bộ phận phụ trợ của ô tô và xe có động cơ khác'}, {'5021': 'Vận tải hành khách đường thuỷ nội địa'}, {'4511': 'Bán buôn ô tô và xe có động cơ khác'}, {'1811': 'In ấn'}, {'0321': 'Nuôi trồng thuỷ sản biển'}, {'1074': 'Sản xuất mì ống, mỳ sợi và sản phẩm tương tự'}, {'1075': 'Sản xuất món ăn, thức ăn chế biến sẵn'}, {'1010': 'Chế biến, bảo quản thịt và các sản phẩm từ thịt'}, {'4102': 'Xây dựng nhà không để ở'}, {'4651': 'Bán buôn máy vi tính, thiết bị ngoại vi và phần mềm'}, {'9319': 'Hoạt động thể thao khác'}, {'1702': 'Sản xuất giấy nhăn, bìa nhăn, bao bì từ giấy và bìa'}, {'0146': 'Chăn nuôi gia cầm'}]","[{'title': 'CÔNG TY TNHH ĐẦU TƯ VÀ PHÁT TRIỂN K-GROUP', 'url': 'https://masothue.com/0110447898-cong-ty-tnhh-dau-tu-va-phat-trien-k-group'}, {'title': '2500714172 - CÔNG TY TNHH ĐẦU TƯ PHÁT TRIỂN KPN', 'url': 'https://thuvienphapluat.vn/ma-so-thue/cong-ty-tnhh-dau-tu-phat-trien-kpn-mst-2500714172.html'}, {'title': '2601044340 - CÔNG TY TNHH ĐẦU TƯ PHÁT TRIỂN ...', 'url': 'https://masothue.com/2601044340-cong-ty-tnhh-dau-tu-phat-trien-kinh-te-nong-nghiep-dong-bac'}, {'title': 'Công Ty TNHH Đầu Tư Phát Triển ĐP', 'url': 'https://www.topcv.vn/cong-ty/cong-ty-tnhh-dau-tu-phat-trien-dp/21158.html'}, {'title': 'PHÁT TRIỂN KINH TẾ TOÀN CẦU - Mã số thuế 5702039293', 'url': 'https://thuvienphapluat.vn/ma-so-thue/cong-ty-tnhh-dau-tu-phat-trien-kinh-te-toan-cau-mst-5702039293.html'}]"
https://hosocongty.vn/cong-ty-tnhh-tu-van-dau-tu-bat-dong-san-hai-nguyen-com-1858468.htm,CÔNG TY TNHH TƯ VẤN ĐẦU TƯ BẤT ĐỘNG SẢN HẢI NGUYÊN,315704306,HAI NGUYEN REAL ESTATE,,"183/18 Nguyễn Văn Đậu, Phường 11, Quận Bình Thạnh, TP Hồ Chí Minh",NGUYỄN TUẤN HẢI,, 04/06/2019," Tư vấn, môi giới, đấu giá bất động sản, đấu giá quyền sử dụng đất",4/6/2019,TRUE,315704306,NNT đang hoạt động (đã được cấp GCN ĐKT),"[{'6820': 'Tư vấn, môi giới, đấu giá bất động sản, đấu giá quyền sử dụng đất'}, {'1629': 'Sản xuất sản phẩm khác từ gỗ; sản xuất sản phẩm từ tre, nứa, rơm, rạ và vật liệu tết bện'}, {'4931': 'Vận tải hành khách đường bộ trong nội thành, ngoại thành (trừ vận tải bằng xe buýt)'}, {'5229': 'Hoạt động dịch vụ hỗ trợ khác liên quan đến vận tải'}, {'3312': 'Sửa chữa máy móc, thiết bị'}, {'4101': 'Xây dựng nhà để ở'}, {'4211': 'Xây dựng công trình đường sắt'}, {'4221': 'Xây dựng công trình điện'}, {'4330': 'Hoàn thiện công trình xây dựng'}, {'4541': 'Bán mô tô, xe máy'}, {'4610': 'Đại lý, môi giới, đấu giá'}, {'5610': 'Nhà hàng và các dịch vụ ăn uống phục vụ lưu động'}, {'4322': 'Lắp đặt hệ thống cấp, thoát nước, lò sưởi và điều hoà không khí'}, {'4659': 'Bán buôn máy móc, thiết bị và phụ tùng máy khác'}, {'4663': 'Bán buôn vật liệu, thiết bị lắp đặt khác trong xây dựng'}, {'8230': 'Tổ chức giới thiệu và xúc tiến thương mại'}, {'9000': 'Hoạt động sáng tác, nghệ thuật và giải trí'}, {'1410': 'May trang phục (trừ trang phục từ da lông thú)'}, {'0322': 'Nuôi trồng thuỷ sản nội địa'}, {'0810': 'Khai thác đá, cát, sỏi, đất sét'}, {'4751': 'Bán lẻ vải, len, sợi, chỉ khâu và hàng dệt khác trong các cửa hàng chuyên doanh'}, {'4772': 'Bán lẻ thuốc, dụng cụ y tế, mỹ phẩm và vật phẩm vệ sinh trong các cửa hàng chuyên doanh'}, {'5913': 'Hoạt động phát hành phim điện ảnh, phim video và chương trình truyền hình'}, {'5510': 'Dịch vụ lưu trú ngắn ngày'}, {'4223': 'Xây dựng công trình viễn thông, thông tin liên lạc'}, {'4299': 'Xây dựng công trình kỹ thuật dân dụng khác'}, {'4321': 'Lắp đặt hệ thống điện'}, {'4652': 'Bán buôn thiết bị và linh kiện điện tử, viễn thông'}, {'4661': 'Bán buôn nhiên liệu rắn, lỏng, khí và các sản phẩm liên quan'}, {'4771': 'Bán lẻ hàng may mặc, giày dép, hàng da và giả da trong các cửa hàng chuyên doanh'}, {'4312': 'Chuẩn bị mặt bằng'}, {'4520': 'Bảo dưỡng, sửa chữa ô tô và xe có động cơ khác'}, {'4641': 'Bán buôn vải, hàng may sẵn, giày dép'}, {'4212': 'Xây dựng công trình đường bộ'}, {'4222': 'Xây dựng công trình cấp, thoát nước'}, {'4669': 'Bán buôn chuyên doanh khác chưa được phân vào đâu'}, {'6619': 'Hoạt động hỗ trợ dịch vụ tài chính chưa được phân vào đâu'}, {'0111': 'Trồng lúa'}, {'0210': 'Trồng rừng và chăm sóc rừng'}, {'4329': 'Lắp đặt hệ thống xây dựng khác'}, {'4543': 'Bán phụ tùng và các bộ phận phụ trợ của mô tô, xe máy'}, {'7110': 'Hoạt động kiến trúc và tư vấn kỹ thuật có liên quan'}, {'9329': 'Hoạt động vui chơi giải trí khác chưa được phân vào đâu'}, {'4229': 'Xây dựng công trình công ích khác'}, {'4291': 'Xây dựng công trình thủy'}, {'4311': 'Phá dỡ'}, {'4390': 'Hoạt động xây dựng chuyên dụng khác'}, {'4511': 'Bán buôn ô tô và xe có động cơ khác'}, {'4649': 'Bán buôn đồ dùng khác cho gia đình'}, {'7710': 'Cho thuê xe có động cơ'}, {'7730': 'Cho thuê máy móc, thiết bị và đồ dùng hữu hình khác'}, {'7912': 'Điều hành tua du lịch'}, {'8299': 'Hoạt động dịch vụ hỗ trợ kinh doanh khác còn lại chưa được phân vào đâu'}, {'0321': 'Nuôi trồng thuỷ sản biển'}, {'9321': 'Hoạt động của các công viên vui chơi và công viên theo chủ đề'}, {'5912': 'Hoạt động hậu kỳ'}, {'4102': 'Xây dựng nhà không để ở'}, {'4292': 'Xây dựng công trình khai khoáng'}, {'4293': 'Xây dựng công trình chế biến, chế tạo'}, {'7310': 'Quảng cáo'}, {'7911': 'Đại lý du lịch'}, {'1312': 'Sản xuất vải dệt thoi'}, {'0899': 'Khai khoáng khác chưa được phân vào đâu'}, {'3290': 'Sản xuất khác chưa được phân vào đâu'}]","[{'title': 'CÔNG TY TNHH TƯ VẤN ĐẦU TƯ BẤT ĐỘNG SẢN HẢI ...', 'url': 'https://masothue.com/0316293056-cong-ty-tnhh-tu-van-dau-tu-bat-dong-san-hai-nguyen'}, {'title': 'CÔNG TY TNHH TƯ VẤN ĐẦU TƯ BẤT ĐỘNG SẢN HẢI ...', 'url': 'https://thuvienphapluat.vn/ma-so-thue/cong-ty-tnhh-tu-van-dau-tu-bat-dong-san-hai-nguyen-mst-0315704306.html'}, {'title': 'CÔNG TY TNHH TƯ VẤN ĐẦU TƯ BẤT ĐỘNG SẢN HẢI ...', 'url': 'https://thuvienphapluat.vn/ma-so-thue/cong-ty-tnhh-tu-van-dau-tu-bat-dong-san-hai-nguyen-mst-0316293056.html'}, {'title': 'CÔNG TY CỔ PHẦN TƯ VẤN BẤT ĐỘNG SẢN HẢI NGUYÊN', 'url': 'https://masothue.com/0305111226-cong-ty-co-phan-tu-van-bat-dong-san-hai-nguyen'}, {'title': 'Công Ty TNHH Bất Động Sản Hải Đăng Land', 'url': 'https://www.topcv.vn/cong-ty/cong-ty-tnhh-bat-dong-san-hai-dang-land/58235.html'}]"
https://hosocongty.vn/cong-ty-tnhh-tm-dv-thong-nhat-com-1858461.htm,CÔNG TY TNHH TM DV THỐNG NHẤT,315715957,THE UNIFIED DV TM COMPANY LIMITED,,"24/6 ấp 7, Xã Xuân Thới Thượng, Huyện Hóc Môn, TP Hồ Chí Minh",NGUYỄN QUỐC PHÚ SỸ,901229387, 04/06/2019, Bán buôn chuyên doanh khác chưa được phân vào đâu,4/6/2019,TRUE,315715957,NNT đang hoạt động (đã được cấp GCN ĐKT),"[{'4669': 'Bán buôn chuyên doanh khác chưa được phân vào đâu'}, {'4662': 'Bán buôn kim loại và quặng kim loại'}, {'3812': 'Thu gom rác thải độc hại'}, {'3830': 'Tái chế phế liệu'}, {'3811': 'Thu gom rác thải không độc hại'}]","[{'title': '6000931810 - CÔNG TY TNHH MỘT THÀNH VIÊN ...', 'url': 'https://masothue.com/6000931810-cong-ty-tnhh-mot-thanh-vien-thuong-mai-dich-vu-thong-nhat'}, {'title': '0315715957 - CÔNG TY TNHH TM DV THỐNG NHẤT', 'url': 'https://masothue.com/0315715957-cong-ty-tnhh-tm-dv-thong-nhat'}, {'title': 'CÔNG TY TNHH THƯƠNG MẠI DỊCH VỤ THỐNG NHẤT', 'url': 'https://thuvienphapluat.vn/ma-so-thue/cong-ty-tnhh-thuong-mai-dich-vu-thong-nhat-mst-0102014101.html'}, {'title': '0315715957 - CÔNG TY TNHH TM DV THỐNG NHẤT', 'url': 'https://thuvienphapluat.vn/ma-so-thue/cong-ty-tnhh-tm-dv-thong-nhat-mst-0315715957.html'}, {'title': 'CÔNG TY TNHH THƯƠNG MẠI KỸ THUẬT VÀ DỊCH VỤ ...', 'url': 'https://dauthau.asia/businesslistings/detail/CONG-TY-TNHH-THUONG-MAI-KY-THUAT-VA-DICH-VU-THONG-NHAT-33115/'}]"
https://hosocongty.vn/cong-ty-tnhh-in-an-le-minh-quan-com-1858460.htm,CÔNG TY TNHH IN ẤN LÊ MINH QUÂN,315714914,LE MINH QUAN PRINTING COMPANY LIMITED,,"F12/16K/4M ấp 6, Xã Vĩnh Lộc A, Huyện Bình Chánh, TP Hồ Chí Minh",LÊ VĂN LỢI,, 04/06/2019, In ấn,4/6/2019,TRUE,315714914,NNT đang hoạt động (đã được cấp GCN ĐKT),"[{'1811': 'In ấn'}, {'1812': 'Dịch vụ liên quan đến in'}, {'1820': 'Sao chép bản ghi các loại'}]","[{'title': '0315714914 - CÔNG TY TNHH IN ẤN LÊ MINH QUÂN', 'url': 'https://masothue.com/0315714914-cong-ty-tnhh-in-an-le-minh-quan'}, {'title': 'CÔNG TY IN ẤN MINH QUÂN', 'url': 'http://inminhquan.com/'}, {'title': 'CÔNG TY TNHH IN ẤN LÊ MINH QUÂN - Mã số thuế ...', 'url': 'https://thuvienphapluat.vn/ma-so-thue/cong-ty-tnhh-in-an-le-minh-quan-mst-0315714914.html'}, {'title': '0315714914 - Công Ty TNHH In Ấn Lê Minh Quân', 'url': 'https://masocongty.vn/company/2797025/cong-ty-tnhh-in-an-le-minh-quan.html'}, {'title': 'Liên hệ - CÔNG TY IN ẤN MINH QUÂN', 'url': 'https://inminhquan.com/lien-he/'}]"
https://hosocongty.vn/cong-ty-tnhh-san-xuat-thuong-mai-dich-vu-dinh-duong-phat-an-nhien-com-1858459.htm,CÔNG TY TNHH SẢN XUẤT THƯƠNG MẠI DỊCH VỤ DINH DƯỠNG PHÁT AN NHIÊN,315714600,PHAT AN NHIEN NUTRITION SERVICE TRADING PRODUCE COMPANY LIMI,,"277/64 Trường Chinh, Phường 14, Quận Tân Bình, TP Hồ Chí Minh",PHẠM TƯỜNG NHẬT LINH,, 04/06/2019, Bán buôn thực phẩm,4/6/2019,TRUE,315714600,NNT đang hoạt động (đã được cấp GCN ĐKT),"[{'4632': 'Bán buôn thực phẩm'}, {'4641': 'Bán buôn vải, hàng may sẵn, giày dép'}, {'4649': 'Bán buôn đồ dùng khác cho gia đình'}, {'4669': 'Bán buôn chuyên doanh khác chưa được phân vào đâu'}, {'8292': 'Dịch vụ đóng gói'}, {'4722': 'Bán lẻ thực phẩm trong các cửa hàng chuyên doanh'}, {'1010': 'Chế biến, bảo quản thịt và các sản phẩm từ thịt'}, {'1020': 'Chế biến, bảo quản thuỷ sản và các sản phẩm từ thuỷ sản'}, {'1030': 'Chế biến và bảo quản rau quả'}, {'1040': 'Sản xuất dầu, mỡ động, thực vật'}, {'1079': 'Sản xuất thực phẩm khác chưa được phân vào đâu'}, {'1104': 'Sản xuất đồ uống không cồn, nước khoáng'}]","[{'title': '0315714600 - CÔNG TY TNHH SẢN XUẤT THƯƠNG MẠI ...', 'url': 'https://masothue.com/0315714600-cong-ty-tnhh-san-xuat-thuong-mai-dich-vu-dinh-duong-phat-an-nhien'}, {'title': 'An Nhiên – CÔNG TY TNHH THƯƠNG MẠI XUẤT NHẬP ...', 'url': 'https://annhienfood.com.vn/'}, {'title': 'CÔNG TY TNHH SẢN XUẤT THƯƠNG MẠI DỊCH VỤ DINH ...', 'url': 'https://thuvienphapluat.vn/ma-so-thue/cong-ty-tnhh-san-xuat-thuong-mai-dich-vu-dinh-duong-phat-an-nhien-mst-0315714600.html'}, {'title': '0315714600-001 - CHI NHÁNH CÔNG TY TNHH SẢN ...', 'url': 'https://masothue.com/0315714600-001-chi-nhanh-cong-ty-tnhh-san-xuat-thuong-mai-dich-vu-dinh-duong-phat-an-nhien'}, {'title': 'CÔNG TY TNHH SẢN XUẤT THƯƠNG MẠI DỊCH VỤ DINH ...', 'url': 'https://infocom.vn/cong-ty-tnhh-san-xuat-thuong-mai-dich-vu-dinh-duong-phat-an-nhien-0315714600.html'}]"
https://hosocongty.vn/cong-ty-tnhh-co-khi-huong-phong-com-1858458.htm,CÔNG TY TNHH CƠ KHÍ HƯỚNG PHONG,315711381,HUONG PHONG MECHANICAL,,"61/11 Bình Giã, Phường 13, Quận Tân Bình, TP Hồ Chí Minh",NGUYỄN QUANG MẠNH,768603686, 04/06/2019, Sửa chữa thiết bị khác,4/6/2019,TRUE,315711381,NNT đang hoạt động (đã được cấp GCN ĐKT),"[{'3319': 'Sửa chữa thiết bị khác'}, {'8020': 'Dịch vụ hệ thống bảo đảm an toàn'}, {'3312': 'Sửa chữa máy móc, thiết bị'}, {'4759': 'Bán lẻ đồ điện gia dụng, giường, tủ, bàn, ghế và đồ nội thất tương tự, đèn và bộ đèn điện, đồ dùng gia đình khác chưa được phân vào đâu trong các cửa hàng chuyên doanh'}, {'3320': 'Lắp đặt máy móc và thiết bị công nghiệp'}, {'4659': 'Bán buôn máy móc, thiết bị và phụ tùng máy khác'}, {'4321': 'Lắp đặt hệ thống điện'}, {'4669': 'Bán buôn chuyên doanh khác chưa được phân vào đâu'}, {'3314': 'Sửa chữa thiết bị điện'}, {'7110': 'Hoạt động kiến trúc và tư vấn kỹ thuật có liên quan'}, {'2592': 'Gia công cơ khí; xử lý và tráng phủ kim loại'}, {'3313': 'Sửa chữa thiết bị điện tử và quang học'}]","[{'title': '0315711381 - CÔNG TY TNHH CƠ KHÍ HƯỚNG PHONG', 'url': 'https://masothue.com/0315711381-cong-ty-tnhh-co-khi-huong-phong'}, {'title': '0315711381 - CÔNG TY TNHH CƠ KHÍ HƯỚNG PHONG', 'url': 'https://thuvienphapluat.vn/ma-so-thue/cong-ty-tnhh-co-khi-huong-phong-mst-0315711381.html'}, {'title': 'CÔNG TY TNHH CƠ KIM KHÍ HƯƠNG PHONG', 'url': 'https://masothue.com/0104910081-cong-ty-tnhh-co-kim-khi-huong-phong'}, {'title': 'CÔNG TY TNHH CƠ KIM KHÍ HƯƠNG PHONG', 'url': 'https://thuvienphapluat.vn/ma-so-thue/cong-ty-tnhh-co-kim-khi-huong-phong-mst-0104910081.html'}, {'title': 'Liên hệ - CÔNG TY TNHH CƠ KHÍ – CHẾ TẠO CHÍ HƯỚNG', 'url': 'https://cokhitudongchiho.com/lien-he'}]"
https://hosocongty.vn/cong-ty-co-phan-giai-phap-chieu-sang-va-nang-luong-sohobi-com-1858454.htm,CÔNG TY CỔ PHẦN GIẢI PHÁP CHIẾU SÁNG VÀ NĂNG LƯỢNG SOHOBI,315715587,SOHOBI LIGHTING AND ENERGY SOLUTION,,"50/11/2 Dương Quảng Hàm, Phường 5, Quận Gò Vấp, TP Hồ Chí Minh",LÊ ANH SƠN,, 04/06/2019, Bán buôn chuyên doanh khác chưa được phân vào đâu,4/6/2019,TRUE,315715587,NNT đang hoạt động (đã được cấp GCN ĐKT),"[{'4669': 'Bán buôn chuyên doanh khác chưa được phân vào đâu'}, {'3312': 'Sửa chữa máy móc, thiết bị'}, {'3320': 'Lắp đặt máy móc và thiết bị công nghiệp'}, {'4659': 'Bán buôn máy móc, thiết bị và phụ tùng máy khác'}, {'4321': 'Lắp đặt hệ thống điện'}, {'4652': 'Bán buôn thiết bị và linh kiện điện tử, viễn thông'}, {'4649': 'Bán buôn đồ dùng khác cho gia đình'}, {'4651': 'Bán buôn máy vi tính, thiết bị ngoại vi và phần mềm'}]","[{'title': '0315715587 - CÔNG TY CỔ PHẦN CHIẾU SÁNG SOHOBI', 'url': 'https://masothue.com/0315715587-cong-ty-co-phan-giai-phap-chieu-sang-va-nang-luong-sohobi'}, {'title': 'công ty cổ phần giải pháp chiếu sáng và năng lượng sohobi', 'url': 'https://hosocongty.vn/cong-ty-co-phan-giai-phap-chieu-sang-va-nang-luong-sohobi-com-1858454.htm'}, {'title': 'Công Ty Cổ Phần Giải Pháp Chiếu Sáng Và Năng Lượng ...', 'url': 'https://masocongty.vn/company/2797609/cong-ty-co-phan-giai-phap-chieu-sang-va-nang-luong-sohobi.html'}, {'title': 'Website chia sẻ về đèn led và chiếu sáng: Trang chủ', 'url': 'https://denledchatluongcao.vn/'}, {'title': 'Công Ty Cổ Phần Giải Pháp Chiếu Sáng Và Năng Lượng ...', 'url': 'https://www.tratencongty.com/company/4bf48343-cong-ty-co-phan-giai-phap-chieu-sang-va-nang-luong-sohobi/'}]"
https://hosocongty.vn/cong-ty-tnhh-sentmen-com-1858445.htm,CÔNG TY TNHH SENTMEN,315715717,"SENTMEN CO., LTD",,"Số 91-93 Đường số 5, Phường An Phú, Quận 2, TP Hồ Chí Minh",NGUYỄN XUÂN HIẾU,, 04/06/2019, Bán buôn đồ dùng khác cho gia đình,4/6/2019,TRUE,315715717,NNT đang hoạt động (đã được cấp GCN ĐKT),"[{'4649': 'Bán buôn đồ dùng khác cho gia đình'}, {'4721': 'Bán lẻ lương thực trong các cửa hàng chuyên doanh'}, {'4722': 'Bán lẻ thực phẩm trong các cửa hàng chuyên doanh'}, {'4610': 'Đại lý, môi giới, đấu giá'}, {'4653': 'Bán buôn máy móc, thiết bị và phụ tùng máy nông nghiệp'}, {'4759': 'Bán lẻ đồ điện gia dụng, giường, tủ, bàn, ghế và đồ nội thất tương tự, đèn và bộ đèn điện, đồ dùng gia đình khác chưa được phân vào đâu trong các cửa hàng chuyên doanh'}, {'4632': 'Bán buôn thực phẩm'}, {'4659': 'Bán buôn máy móc, thiết bị và phụ tùng máy khác'}, {'4662': 'Bán buôn kim loại và quặng kim loại'}, {'4663': 'Bán buôn vật liệu, thiết bị lắp đặt khác trong xây dựng'}, {'4741': 'Bán lẻ máy vi tính, thiết bị ngoại vi, phần mềm và thiết bị viễn thông trong các cửa hàng chuyên doanh'}, {'4772': 'Bán lẻ thuốc, dụng cụ y tế, mỹ phẩm và vật phẩm vệ sinh trong các cửa hàng chuyên doanh'}, {'4652': 'Bán buôn thiết bị và linh kiện điện tử, viễn thông'}, {'4661': 'Bán buôn nhiên liệu rắn, lỏng, khí và các sản phẩm liên quan'}, {'4771': 'Bán lẻ hàng may mặc, giày dép, hàng da và giả da trong các cửa hàng chuyên doanh'}, {'4631': 'Bán buôn gạo'}, {'4641': 'Bán buôn vải, hàng may sẵn, giày dép'}, {'4633': 'Bán buôn đồ uống'}, {'4669': 'Bán buôn chuyên doanh khác chưa được phân vào đâu'}, {'4530': 'Bán phụ tùng và các bộ phận phụ trợ của ô tô và xe có động cơ khác'}, {'4543': 'Bán phụ tùng và các bộ phận phụ trợ của mô tô, xe máy'}, {'4620': 'Bán buôn nông, lâm sản nguyên liệu (trừ gỗ, tre, nứa) và động vật sống'}, {'4752': 'Bán lẻ đồ ngũ kim, sơn, kính và thiết bị lắp đặt khác trong xây dựng trong các cửa hàng chuyên doanh'}, {'4933': 'Vận tải hàng hóa bằng đường bộ'}, {'4651': 'Bán buôn máy vi tính, thiết bị ngoại vi và phần mềm'}]","[{'title': '0315715717 - CÔNG TY TNHH SENTMEN', 'url': 'https://masothue.com/0315715717-cong-ty-tnhh-sentmen'}, {'title': 'CÔNG TY TNHH SENTMEN - Mã số thuế 0315715717', 'url': 'https://thuvienphapluat.vn/ma-so-thue/cong-ty-tnhh-sentmen-mst-0315715717.html'}, {'title': '0315715717-CÔNG TY TNHH SENTMEN', 'url': 'https://trangvangdoanhnghiep.vn/0315715717-cong-ty-tnhh-sentmen-cty'}, {'title': '0315715717 - công ty tnhh sentmen - MaSoThue', 'url': 'https://massothue.com/tra-cuu-ma-so-thue/0315715717'}, {'title': '0315715717 - CÔNG TY TNHH SENTMEN', 'url': 'https://www.doanhnghiep.biz/0315715717-cong-ty-tnhh-sentmen'}]"
https://hosocongty.vn/cong-ty-tnhh-mt-tien-quan-com-1858444.htm,CÔNG TY TNHH MT TIẾN QUÂN,315715442,MT TIEN QUAN,,"Tầng 14, tòa nhà HM Town, số 412 Nguyễn Thị Minh Khai, Phuờng 05, Quận 3, TP Hồ Chí Minh",BÙI THÚY TRÂM,, 04/06/2019, May trang phục (trừ trang phục từ da lông thú),4/6/2019,TRUE,315715442,NNT đang hoạt động (đã được cấp GCN ĐKT),"[{'1410': 'May trang phục (trừ trang phục từ da lông thú)'}, {'1393': 'Sản xuất thảm, chăn, đệm'}, {'1520': 'Sản xuất giày dép'}, {'4659': 'Bán buôn máy móc, thiết bị và phụ tùng máy khác'}, {'1399': 'Sản xuất các loại hàng dệt khác chưa được phân vào đâu'}, {'4751': 'Bán lẻ vải, len, sợi, chỉ khâu và hàng dệt khác trong các cửa hàng chuyên doanh'}, {'1391': 'Sản xuất vải dệt kim, vải đan móc và vải không dệt khác'}, {'1392': 'Sản xuất hàng dệt sẵn (trừ trang phục)'}, {'4771': 'Bán lẻ hàng may mặc, giày dép, hàng da và giả da trong các cửa hàng chuyên doanh'}, {'4773': 'Bán lẻ hàng hóa khác mới trong các cửa hàng chuyên doanh'}, {'4641': 'Bán buôn vải, hàng may sẵn, giày dép'}, {'4669': 'Bán buôn chuyên doanh khác chưa được phân vào đâu'}, {'1394': 'Sản xuất các loại dây bện và lưới'}, {'1420': 'Sản xuất sản phẩm từ da lông thú'}, {'4761': 'Bán lẻ sách, báo, tạp chí văn phòng phẩm trong các cửa hàng chuyên doanh'}, {'4649': 'Bán buôn đồ dùng khác cho gia đình'}, {'8299': 'Hoạt động dịch vụ hỗ trợ kinh doanh khác còn lại chưa được phân vào đâu'}, {'1430': 'Sản xuất trang phục dệt kim, đan móc'}, {'8292': 'Dịch vụ đóng gói'}, {'1313': 'Hoàn thiện sản phẩm dệt'}, {'1511': 'Thuộc, sơ chế da; sơ chế và nhuộm da lông thú'}, {'1311': 'Sản xuất sợi'}, {'1312': 'Sản xuất vải dệt thoi'}, {'1512': 'Sản xuất vali, túi xách và các loại tương tự, sản xuất yên đệm'}]","[{'title': 'CÔNG TY TNHH MT TIẾN QUÂN - Mã số thuế 0315715442', 'url': 'https://thuvienphapluat.vn/ma-so-thue/cong-ty-tnhh-mt-tien-quan-mst-0315715442.html'}, {'title': '0315715442 - CÔNG TY TNHH MT TIẾN QUÂN', 'url': 'https://masothue.com/0315715442-cong-ty-tnhh-mt-tien-quan'}, {'title': 'CÔNG TY TNHH TM & DV TIẾN QUÂN', 'url': 'https://automation-tienquan.com/'}, {'title': '0315715442 - CÔNG TY TNHH MT TIẾN QUÂN', 'url': 'https://doanhnghiep.biz/0315715442-cong-ty-tnhh-mt-tien-quan'}, {'title': '0315715442-CÔNG TY TNHH MT TIẾN QUÂN', 'url': 'https://trangvangdoanhnghiep.vn/0315715442-cong-ty-tnhh-mt-tien-quan-cty'}]"
https://hosocongty.vn/cong-ty-tnhh-dai-hoa-ja-com-1858443.htm,CÔNG TY TNHH ĐẠI HOÀ JA,315714745,DAI HOA JA COMPANY LIMITED,,"181/15A Đường Xóm Chiếu, Phường 16, Quận 4, TP Hồ Chí Minh",ĐẶNG VĨNH THUẬN,, 04/06/2019, Giáo dục khác chưa được phân vào đâu,4/6/2019,TRUE,315714745,NNT đang hoạt động (đã được cấp GCN ĐKT),"[{'8559': 'Giáo dục khác chưa được phân vào đâu'}, {'9101': 'Hoạt động thư viện và lưu trữ'}, {'8230': 'Tổ chức giới thiệu và xúc tiến thương mại'}, {'1812': 'Dịch vụ liên quan đến in'}, {'7490': 'Hoạt động chuyên môn, khoa học và công nghệ khác chưa được phân vào đâu'}, {'1811': 'In ấn'}, {'8560': 'Dịch vụ hỗ trợ giáo dục'}, {'7310': 'Quảng cáo'}]","[{'title': '0315714745 - CÔNG TY TNHH ĐẠI HOÀ JA', 'url': 'https://masothue.com/0315714745-cong-ty-tnhh-dai-hoa-ja'}, {'title': 'CÔNG TY TNHH ĐẠI HOÀ JA - Mã số thuế 0315714745', 'url': 'https://thuvienphapluat.vn/ma-so-thue/cong-ty-tnhh-dai-hoa-ja-mst-0315714745.html'}, {'title': 'Công ty TNHH Đại Hoa', 'url': 'https://daihoabinhduong.com/'}, {'title': '4000426892 - CÔNG TY TNHH ĐẠI HOÀ', 'url': 'https://masothue.com/4000426892-cong-ty-tnhh-dai-hoa'}, {'title': 'Dai Hoa Co', 'url': 'https://daihoaco.com/'}]"
https://hosocongty.vn/cong-ty-tnhh-nu-hoang-mua-xuan-com-1858442.htm,CÔNG TY TNHH NỮ HOÀNG MÙA XUÂN,315714590,QUEEN SPRING,,"103D33 Lê Văn Thọ, Phường 8, Quận Gò Vấp, TP Hồ Chí Minh",CAO THIÊN NGA,, 04/06/2019, Bán buôn đồ dùng khác cho gia đình,4/6/2019,TRUE,315714590,NNT đang hoạt động (đã được cấp GCN ĐKT),"[{'4649': 'Bán buôn đồ dùng khác cho gia đình'}, {'4772': 'Bán lẻ thuốc, dụng cụ y tế, mỹ phẩm và vật phẩm vệ sinh trong các cửa hàng chuyên doanh'}, {'4773': 'Bán lẻ hàng hóa khác mới trong các cửa hàng chuyên doanh'}, {'8299': 'Hoạt động dịch vụ hỗ trợ kinh doanh khác còn lại chưa được phân vào đâu'}, {'4719': 'Bán lẻ khác trong các cửa hàng kinh doanh tổng hợp'}, {'4789': 'Bán lẻ hàng hóa khác lưu động hoặc tại chợ'}]","[{'title': '0315714590 - CÔNG TY TNHH NỮ HOÀNG MÙA XUÂN', 'url': 'https://thuvienphapluat.vn/ma-so-thue/cong-ty-tnhh-nu-hoang-mua-xuan-mst-0315714590.html'}, {'title': '3300357341 - CÔNG TY TNHH NỮ HOÀNG', 'url': 'https://masothue.com/3300357341-cong-ty-tnhh-nu-hoang'}, {'title': 'Nữ Hoàng Mùa Xuân', 'url': 'https://www.facebook.com/nuhoang.muaxuan.1/?locale=vi_VN'}, {'title': 'Công Ty TNHH Nữ Hoàng Hồ Điệp', 'url': 'https://nuhoanghodiep.com/'}, {'title': 'QUEEN FOOD', 'url': 'https://globalfoodsource.vn/'}]"
https://hosocongty.vn/cong-ty-tnhh-top-quality-for-home-com-1858441.htm,CÔNG TY TNHH TOP QUALITY FOR HOME,315709505,CÔNG TY TQH,,"Số 237/42/12 Hoàng Diệu, phường 08, Quận 4, TP Hồ Chí Minh",HUỲNH THỊ THANH TRÚC,888661898, 04/06/2019," Tư vấn, môi giới, đấu giá bất động sản, đấu giá quyền sử dụng đất",4/6/2019,TRUE,315709505,NNT đang hoạt động (đã được cấp GCN ĐKT),"[{'6820': 'Tư vấn, môi giới, đấu giá bất động sản, đấu giá quyền sử dụng đất'}, {'6201': 'Lập trình máy vi tính'}, {'7320': 'Nghiên cứu thị trường và thăm dò dư luận'}, {'4791': 'Bán lẻ theo yêu cầu đặt hàng qua bưu điện hoặc internet'}, {'4799': 'Bán lẻ hình thức khác chưa được phân vào đâu'}, {'4662': 'Bán buôn kim loại và quặng kim loại'}, {'8230': 'Tổ chức giới thiệu và xúc tiến thương mại'}, {'4772': 'Bán lẻ thuốc, dụng cụ y tế, mỹ phẩm và vật phẩm vệ sinh trong các cửa hàng chuyên doanh'}, {'7020': 'Hoạt động tư vấn quản lý'}, {'4773': 'Bán lẻ hàng hóa khác mới trong các cửa hàng chuyên doanh'}, {'7490': 'Hoạt động chuyên môn, khoa học và công nghệ khác chưa được phân vào đâu'}, {'6619': 'Hoạt động hỗ trợ dịch vụ tài chính chưa được phân vào đâu'}, {'4752': 'Bán lẻ đồ ngũ kim, sơn, kính và thiết bị lắp đặt khác trong xây dựng trong các cửa hàng chuyên doanh'}, {'4649': 'Bán buôn đồ dùng khác cho gia đình'}, {'6209': 'Hoạt động dịch vụ công nghệ thông tin và dịch vụ khác liên quan đến máy vi tính'}, {'7310': 'Quảng cáo'}, {'6202': 'Tư vấn máy vi tính và quản trị hệ thống máy vi tính'}, {'6311': 'Xử lý dữ liệu, cho thuê và các hoạt động liên quan'}, {'6312': 'Cổng thông tin'}]","[{'title': '0315709505 - CÔNG TY TNHH TOP QUALITY FOR HOME', 'url': 'https://masothue.com/0315709505-cong-ty-tnhh-top-quality-for-home'}, {'title': '0315709505 - CÔNG TY TNHH TOP QUALITY FOR HOME', 'url': 'https://thuvienphapluat.vn/ma-so-thue/cong-ty-tnhh-top-quality-for-home-mst-0315709505.html'}, {'title': '0315065360-001 - CHI NHÁNH BA TRI BẾN TRE', 'url': 'https://masothue.com/0315065360-001-chi-nhanh-ba-tri-ben-tre-cong-ty-tnhh-top-quality-lube'}, {'title': '0315065360 - CÔNG TY TNHH TOP QUALITY LUBE', 'url': 'https://thuvienphapluat.vn/ma-so-thue/cong-ty-tnhh-top-quality-lube-mst-0315065360.html'}, {'title': 'CÔNG TY TNHH DECOR HOME VIỆT NAM', 'url': 'https://www.topcv.vn/cong-ty/cong-ty-tnhh-decor-home-viet-nam/183781.html'}]"
https://hosocongty.vn/cong-ty-tnhh-hat-nhua-huu-nghi-com-1858439.htm,CÔNG TY TNHH HẠT NHỰA HỮU NGHỊ,315714720,,,"B7/6D, ấp 2, Xã Vĩnh Lộc A, Huyện Bình Chánh, TP Hồ Chí Minh",LÊ ĐỖ NGUYÊN HẠNH,909958211, 04/06/2019, Sản xuất sản phẩm từ plastic,4/6/2019,TRUE,315714720,NNT đang hoạt động (đã được cấp GCN ĐKT),"[{'2220': 'Sản xuất sản phẩm từ plastic'}, {'3830': 'Tái chế phế liệu'}, {'4669': 'Bán buôn chuyên doanh khác chưa được phân vào đâu'}]","[{'title': '0315714720 - CÔNG TY TNHH HẠT NHỰA HỮU NGHỊ', 'url': 'https://masothue.com/0315714720-cong-ty-tnhh-hat-nhua-huu-nghi'}, {'title': 'Công ty cổ phần phụ gia nhựa Hữu Nghị', 'url': 'https://huunghiplastic.com.vn/'}, {'title': '0315714720 - CÔNG TY TNHH HẠT NHỰA HỮU NGHỊ', 'url': 'https://thuvienphapluat.vn/ma-so-thue/cong-ty-tnhh-hat-nhua-huu-nghi-mst-0315714720.html'}, {'title': 'Công ty Cổ phần Phụ gia nhựa Hữu Nghị ...', 'url': 'https://www.nhathuygroup.com.vn/huu-nghi-plastic-compound-jsc-d19?lang=vi'}, {'title': 'TDS of HP - W 70 - Công ty cổ phần phụ gia nhựa Hữu Nghị', 'url': 'https://huunghiplastic.com.vn/tds-of-hp-w-70'}]"
https://hosocongty.vn/cong-ty-tnhh-thuong-mai-hong-pu-trung-quoc-com-1858414.htm,CÔNG TY TNHH THƯƠNG MẠI HONG PU TRUNG QUỐC,315716100,"HANG THINH SERVICE TRADINGINTERNATIONAL CO.,LTD",,"Số 15 Đường 40B, Khu Phố 8, Phường Tân Tạo, Quận Bình Tân, TP Hồ Chí Minh",CẦM THỊ PHẠM,787950564, 04/06/2019," Bán buôn máy móc, thiết bị và phụ tùng máy khác",4/6/2019,TRUE,315716100,NNT đang hoạt động (đã được cấp GCN ĐKT),"[{'4659': 'Bán buôn máy móc, thiết bị và phụ tùng máy khác'}, {'4663': 'Bán buôn vật liệu, thiết bị lắp đặt khác trong xây dựng'}, {'4641': 'Bán buôn vải, hàng may sẵn, giày dép'}, {'4649': 'Bán buôn đồ dùng khác cho gia đình'}]","[{'title': 'Công Ty TNHH Thương Mại Pu Hong Trung Quốc', 'url': 'https://www.tratencongty.com/company/4bf48544-cong-ty-tnhh-thuong-mai-pu-hong-trung-quoc/'}, {'title': '3500424838 - CÔNG TY TNHH THƯƠNG MẠI HỒNG PHÚ', 'url': 'https://masothue.com/3500424838-cong-ty-tnhh-thuong-mai-hong-phu'}, {'title': '0311893684 - CÔNG TY TNHH THƯƠNG MẠI PU - Mã số ...', 'url': 'https://thuvienphapluat.vn/ma-so-thue/cong-ty-tnhh-thuong-mai-pu-mst-0311893684.html'}, {'title': '0311893684 - CÔNG TY TNHH THƯƠNG MẠI PU', 'url': 'https://masothue.com/0311893684-cong-ty-tnhh-thuong-mai-pu'}, {'title': '0301452708 - CTY TNHH THƯƠNG MẠI HỒNG PHÚ', 'url': 'https://thuvienphapluat.vn/ma-so-thue/cty-tnhh-thuong-mai-hong-phu-mst-0301452708.html'}]"
https://hosocongty.vn/cong-ty-tnhh-global-stone-imp-exp-com-1858413.htm,CÔNG TY TNHH GLOBAL STONE IMP&EXP,315716037,,,"369/6 Đinh Bộ Lĩnh, Phường 26, Quận Bình Thạnh, TP Hồ Chí Minh",HUANG WEILIN,967362323, 04/06/2019, Cắt tạo dáng và hoàn thiện đá,4/6/2019,TRUE,315716037,NNT đang hoạt động (đã được cấp GCN ĐKT),"[{'2396': 'Cắt tạo dáng và hoàn thiện đá'}, {'4669': 'Bán buôn chuyên doanh khác chưa được phân vào đâu'}]","[{'title': 'CÔNG TY TNHH MTV XUẤT NHẬP KHẨU GLOBAL STONE', 'url': 'https://masothue.com/0108121916-cong-ty-tnhh-mtv-xuat-nhap-khau-global-stone'}, {'title': '0315716037 - CÔNG TY TNHH GLOBAL STONE IMP&EXP', 'url': 'https://masothue.com/0315716037-cong-ty-tnhh-global-stone-imp-exp'}, {'title': 'Công Ty TNHH Global Stone IMP & EXP (trực thuộc ...', 'url': 'https://vieclam24h.vn/danh-sach-tin-tuyen-dung-cong-ty-tnhh-global-stone-imp-exp-truc-thuoc-cong-ty-tnhh-lam-dai-phong-ntd202053457p122.html'}, {'title': 'CÔNG TY TNHH GLOBAL STONE IMP&EXP', 'url': 'https://dauthau.net/vi/dn/CONG-TY-TNHH-GLOBAL-STONE-IMP-EXP/'}, {'title': '0315716037 - CÔNG TY TNHH GLOBAL STONE IMP&EXP', 'url': 'https://www.doanhnghiep.biz/0315716037-cong-ty-tnhh-global-stone-impexp'}]"
https://hosocongty.vn/cong-ty-tnhh-ema-tech-com-1858412.htm,CÔNG TY TNHH EMA TECH,315707931,"EMA TECH CO., LTD",,"76/44 Đường số 59, Phường 14, Quận Gò Vấp, Thành phố Hồ Chí Minh",LÊ HOÀNG NHÂN,, 04/06/2019," Bán buôn máy móc, thiết bị và phụ tùng máy khác",4/6/2019,TRUE,315707931,NNT đang hoạt động (đã được cấp GCN ĐKT),"[{'1079': 'Sản xuất thực phẩm khác chưa được phân vào đâu'}, {'1392': 'Sản xuất hàng dệt sẵn (trừ trang phục)'}, {'2592': 'Gia công cơ khí; xử lý và tráng phủ kim loại'}, {'2816': 'Sản xuất các thiết bị nâng, hạ và bốc xếp'}, {'3312': 'Sửa chữa máy móc, thiết bị'}, {'3315': 'Sửa chữa và bảo dưỡng phương tiện vận tải (trừ ô tô, mô tô, xe máy và xe có động cơ khác)'}, {'3320': 'Lắp đặt máy móc và thiết bị công nghiệp'}, {'3700': 'Thoát nước và xử lý nước thải'}, {'3821': 'Xử lý và tiêu huỷ rác thải không độc hại'}, {'3900': 'Xử lý ô nhiễm và hoạt động quản lý chất thải khác'}, {'4101': 'Xây dựng nhà để ở'}, {'4102': 'Xây dựng nhà không để ở'}, {'4321': 'Lắp đặt hệ thống điện'}, {'4322': 'Lắp đặt hệ thống cấp, thoát nước, lò sưởi và điều hoà không khí'}, {'4329': 'Lắp đặt hệ thống xây dựng khác'}, {'4511': 'Bán buôn ô tô và xe có động cơ khác'}, {'4520': 'Bảo dưỡng, sửa chữa ô tô và xe có động cơ khác'}, {'4610': 'Đại lý, môi giới, đấu giá'}, {'4632': 'Bán buôn thực phẩm'}, {'4649': 'Bán buôn đồ dùng khác cho gia đình'}, {'4652': 'Bán buôn thiết bị và linh kiện điện tử, viễn thông'}, {'4659': 'Bán buôn máy móc, thiết bị và phụ tùng máy khác'}, {'4663': 'Bán buôn vật liệu, thiết bị lắp đặt khác trong xây dựng'}, {'4669': 'Bán buôn chuyên doanh khác chưa được phân vào đâu'}, {'7730': 'Cho thuê máy móc, thiết bị và đồ dùng hữu hình khác'}]","[{'title': 'CÔNG TY TNHH EMA TECH: Homepage', 'url': 'https://ematechvn.com/'}, {'title': 'CÔNG TY TNHH EMA TECH: Homepage', 'url': 'https://ematechvn.com/'}, {'title': '0315707931 - CÔNG TY TNHH EMA TECH', 'url': 'https://masothue.com/0315707931-cong-ty-tnhh-ema-tech'}, {'title': 'Công Ty TNHH Ema Tech', 'url': 'https://www.yellowpages.vn/lgs/1187941629/cong-ty-tnhh-ema-tech.html'}, {'title': 'Công Ty TNHH EMA TECH | Ho Chi Minh City', 'url': 'https://www.facebook.com/thietbitudongematech/'}]"
https://hosocongty.vn/cong-ty-tnhh-san-xuat-thuong-mai-dich-vu-hung-uy-vuong-com-1858411.htm,CÔNG TY TNHH SẢN XUẤT THƯƠNG MẠI DỊCH VỤ HÙNG UY VƯƠNG,315703013,,,"166 Vĩnh Viễn, Phường 09, Quận 10, Hồ Chí Minh",TRẦN NGỌC PHI YẾN,, 04/06/2019, Gia công cơ khí; xử lý và tráng phủ kim loại,9/10/2021 22:10,TRUE,315703013,NNT đang hoạt động (đã được cấp GCN ĐKT),"[{'2592': 'Gia công cơ khí; xử lý và tráng phủ kim loại'}, {'4669': 'Bán buôn chuyên doanh khác chưa được phân vào đâu'}]","[{'title': '0315703013 - CÔNG TY TNHH SẢN XUẤT THƯƠNG MẠI ...', 'url': 'https://masothue.com/0315703013-cong-ty-tnhh-san-xuat-thuong-mai-dich-vu-hung-uy-vuong'}, {'title': '0315703013 - CÔNG TY TNHH SẢN XUẤT THƯƠNG MẠI ...', 'url': 'https://thuvienphapluat.vn/ma-so-thue/cong-ty-tnhh-san-xuat-thuong-mai-dich-vu-hung-uy-vuong-mst-0315703013.html'}, {'title': 'CÔNG TY TNHH SẢN XUẤT THƯƠNG MẠI DỊCH VỤ HÙNG UY ...', 'url': 'https://mytour.vn/vi/blog/ma-so-thue/0315703013-cong-ty-tnhh-san-xuat-thuong-mai-dich-vu-hung-uy-vuong'}, {'title': 'CÔNG TY TNHH SẢN XUẤT THƯƠNG MẠI DỊCH VỤ HÙNG UY ...', 'url': 'https://baocaothongtin.com/vi/congty/vn-VN0001430704/hung-uy-vuong-production-trading-service-company-limited/'}, {'title': 'Công Ty TNHH Sản Xuất Thương Mại Dịch Vụ Hùng Uy ...', 'url': 'https://masocongty.vn/company/2798449/cong-ty-tnhh-san-xuat-thuong-mai-dich-vu-hung-uy-vuong.html'}]"
https://hosocongty.vn/cong-ty-tnhh-kinh-doanh-thuong-mai-dich-vu-hoang-hung-phat-com-1858394.htm,CÔNG TY TNHH KINH DOANH THƯƠNG MẠI DỊCH VỤ HOÀNG HƯNG PHÁT,315715971,,,"118/86 Phan Huy ích, Phường 15, Quận Tân Bình, TP Hồ Chí Minh",NGUYỄN THỊ HƯỜNG,, 04/06/2019," Bán buôn vật liệu, thiết bị lắp đặt khác trong xây dựng",4/6/2019,TRUE,315715971,NNT đang hoạt động (đã được cấp GCN ĐKT),"[{'4663': 'Bán buôn vật liệu, thiết bị lắp đặt khác trong xây dựng'}, {'1621': 'Sản xuất gỗ dán, gỗ lạng, ván ép và ván mỏng khác'}, {'1629': 'Sản xuất sản phẩm khác từ gỗ; sản xuất sản phẩm từ tre, nứa, rơm, rạ và vật liệu tết bện'}, {'4610': 'Đại lý, môi giới, đấu giá'}, {'4759': 'Bán lẻ đồ điện gia dụng, giường, tủ, bàn, ghế và đồ nội thất tương tự, đèn và bộ đèn điện, đồ dùng gia đình khác chưa được phân vào đâu trong các cửa hàng chuyên doanh'}, {'3100': 'Sản xuất giường, tủ, bàn, ghế'}, {'1622': 'Sản xuất đồ gỗ xây dựng'}, {'4620': 'Bán buôn nông, lâm sản nguyên liệu (trừ gỗ, tre, nứa) và động vật sống'}, {'4649': 'Bán buôn đồ dùng khác cho gia đình'}, {'1610': 'Cưa, xẻ, bào gỗ và bảo quản gỗ'}, {'0220': 'Khai thác gỗ'}]","[{'title': 'CÔNG TY TNHH KINH DOANH THƯƠNG MẠI DỊCH VỤ ...', 'url': 'https://thuvienphapluat.vn/ma-so-thue/cong-ty-tnhh-kinh-doanh-thuong-mai-dich-vu-hoang-hung-phat-mst-0315715971.html'}, {'title': '0315715971 - CÔNG TY TNHH KINH DOANH THƯƠNG ...', 'url': 'https://masothue.com/0315715971-cong-ty-tnhh-kinh-doanh-thuong-mai-dich-vu-hoang-hung-phat'}, {'title': 'CÔNG TY TNHH THƯƠNG MẠI DỊCH VỤ HOÀNG HƯNG ...', 'url': 'https://masothue.com/0310543246-cong-ty-tnhh-thuong-mai-dich-vu-hoang-hung-phat'}, {'title': 'CÔNG TY TNHH THƯƠNG MẠI HOÀNG HƯNG PHÁT', 'url': 'https://thuvienphapluat.vn/ma-so-thue/cong-ty-tnhh-thuong-mai-hoang-hung-phat-mst-0305901591.html'}, {'title': 'Công Ty TNHH Kinh Doanh Thương Mại Dịch Vụ Hoàng ...', 'url': 'https://www.tratencongty.com/company/4bf484c3-cong-ty-tnhh-kinh-doanh-thuong-mai-dich-vu-hoang-hung-phat/'}]"
https://hosocongty.vn/cong-ty-tnhh-thuong-mai-dich-vu-hoa-bi-com-1858393.htm,CÔNG TY TNHH THƯƠNG MẠI DỊCH VỤ HỌA BÌ,315714921,,,"23/6 Hoàng Văn Thụ, Phường 15, Quận Phú Nhuận, TP Hồ Chí Minh",NGUYỄN NGỌC THẮNG,933456792, 04/06/2019, Hoạt động dịch vụ phục vụ cá nhân khác còn lại chưa được phân vào đâu,4/6/2019,TRUE,315714921,NNT đang hoạt động (đã được cấp GCN ĐKT),[{'9639': 'Hoạt động dịch vụ phục vụ cá nhân khác còn lại chưa được phân vào đâu'}],"[{'title': 'CÔNG TY TNHH THƯƠNG MẠI DỊCH VỤ HỌA BÌ', 'url': 'https://masothue.com/0315714921-cong-ty-tnhh-thuong-mai-dich-vu-hoa-bi'}, {'title': 'CÔNG TY TNHH THƯƠNG MẠI DỊCH VỤ HỌA BÌ', 'url': 'https://thuvienphapluat.vn/ma-so-thue/cong-ty-tnhh-thuong-mai-dich-vu-hoa-bi-mst-0315714921.html'}, {'title': '0311987639 - CÔNG TY TNHH HỌA BÌ', 'url': 'https://masothue.com/0311987639-cong-ty-tnhh-hoa-bi'}, {'title': 'CTY TNHH MTV THƯƠNG MẠI DỊCH VỤ HỌA BÌ', 'url': 'https://thuvienphapluat.vn/ma-so-thue/cty-tnhh-mtv-thuong-mai-dich-vu-hoa-bi-mst-0307449927.html'}, {'title': 'Cty TNHH MTV Thương Mại Dịch Vụ Họa Bì', 'url': 'https://infodoanhnghiep.com/thong-tin/Cty-TNHH-MTV-Thuong-Mai-Dich-Vu-Hoa-Bi-49927.html'}]"
https://hosocongty.vn/cong-ty-tnhh-dai-yen-viet-com-1858387.htm,CÔNG TY TNHH ĐẠI YẾN VIỆT,315715731,ĐYV,,"66B Cao Thắng, Phường 04, Quận 3, TP Hồ Chí Minh",VŨ THỊ YẾN,985848382, 04/06/2019, Nhà hàng và các dịch vụ ăn uống phục vụ lưu động,4/6/2019,TRUE,315715731,NNT đang hoạt động (đã được cấp GCN ĐKT),"[{'5610': 'Nhà hàng và các dịch vụ ăn uống phục vụ lưu động'}, {'5629': 'Dịch vụ ăn uống khác'}, {'4759': 'Bán lẻ đồ điện gia dụng, giường, tủ, bàn, ghế và đồ nội thất tương tự, đèn và bộ đèn điện, đồ dùng gia đình khác chưa được phân vào đâu trong các cửa hàng chuyên doanh'}, {'4663': 'Bán buôn vật liệu, thiết bị lắp đặt khác trong xây dựng'}, {'5630': 'Dịch vụ phục vụ đồ uống'}, {'5510': 'Dịch vụ lưu trú ngắn ngày'}, {'4652': 'Bán buôn thiết bị và linh kiện điện tử, viễn thông'}, {'7490': 'Hoạt động chuyên môn, khoa học và công nghệ khác chưa được phân vào đâu'}, {'4649': 'Bán buôn đồ dùng khác cho gia đình'}, {'4651': 'Bán buôn máy vi tính, thiết bị ngoại vi và phần mềm'}]","[{'title': '0315715731 - CÔNG TY TNHH ĐẠI YẾN VIỆT', 'url': 'https://masothue.com/0315715731-cong-ty-tnhh-dai-yen-viet'}, {'title': 'CÔNG TY TNHH ĐẠI YẾN VIỆT - Mã số thuế 0315715731', 'url': 'https://thuvienphapluat.vn/ma-so-thue/cong-ty-tnhh-dai-yen-viet-mst-0315715731.html'}, {'title': '0315715731 - CÔNG TY TNHH ĐẠI YẾN VIỆT hosocongty.vn', 'url': 'https://hosocongty.vn/cong-ty-tnhh-dai-yen-viet-com-1858387.htm'}, {'title': 'CÔNG TY TNHH ĐẠI YẾN VIỆT - Danh bạ doanh nghiệp & ...', 'url': 'https://dauthau.net/vi/dn/CONG-TY-TNHH-DAI-YEN-VIET/'}, {'title': 'Công ty Cổ phần Yến Việt', 'url': 'https://www.yenviet.com.vn/'}]"
https://hosocongty.vn/cong-ty-tnhh-zhongheng-printing-com-1858386.htm,CÔNG TY TNHH ZHONGHENG PRINTING,315714752,"ZHONGHENG PRINTING CO.,LTD",,"186 Tên Lửa, Phường Bình Trị Đông B, Quận Bình Tân, Thành phố Hồ Chí Minh",LÊ THIỆN TIẾN,989211889, 04/06/2019, Bán buôn chuyên doanh khác chưa được phân vào đâu,4/6/2019,TRUE,315714752,NNT đang hoạt động (đã được cấp GCN ĐKT),"[{'1702': 'Sản xuất giấy nhăn, bìa nhăn, bao bì từ giấy và bìa'}, {'1709': 'Sản xuất các sản phẩm khác từ giấy và bìa chưa được phân vào đâu'}, {'1811': 'In ấn'}, {'2220': 'Sản xuất sản phẩm từ plastic'}, {'4669': 'Bán buôn chuyên doanh khác chưa được phân vào đâu'}]","[{'title': '0315714752-001 - CHI NHÁNH BÌNH DƯƠNG - CÔNG TY ...', 'url': 'https://masothue.com/0315714752-001-chi-nhanh-binh-duong-cong-ty-tnhh-zhongheng-printing'}, {'title': 'CÔNG TY TNHH ZHONGHENG PRINTING - FiinGate Website', 'url': 'https://fiingate.vn/BusinessDirectory/CompanyDetail/1128035?lang=vi-VN'}, {'title': '0315714752 - CÔNG TY TNHH ZHONGHENG PRINTING', 'url': 'https://thuvienphapluat.vn/ma-so-thue/cong-ty-tnhh-zhongheng-printing-mst-0315714752.html'}, {'title': '0315714752 - CÔNG TY TNHH ZHONGHENG PRINTING', 'url': 'https://masothue.com/0315714752-cong-ty-tnhh-zhongheng-printing'}, {'title': '0315714752-001 - CHI NHÁNH BÌNH DƯƠNG - CÔNG TY ...', 'url': 'https://thuvienphapluat.vn/ma-so-thue/chi-nhanh-binh-duong-cong-ty-tnhh-zhongheng-printing-mst-0315714752-001.html'}]"
https://hosocongty.vn/cong-ty-tnhh-dau-tu-va-phat-trien-euro-land-viet-nam-com-1858385.htm,CÔNG TY TNHH ĐẦU TƯ VÀ PHÁT TRIỂN EURO LAND VIỆT NAM,315713572,"EURO LAND VIETNAM INVESTMENT AND DEVELOPMENT CO., LTD",,"107-111 Nguyễn Đình Chiểu, Phường 06, Quận 3, TP Hồ Chí Minh",PHẠM VIỆT ANH,, 04/06/2019," Tư vấn, môi giới, đấu giá bất động sản, đấu giá quyền sử dụng đất",4/6/2019,TRUE,315713572,NNT đang hoạt động (đã được cấp GCN ĐKT),"[{'6820': 'Tư vấn, môi giới, đấu giá bất động sản, đấu giá quyền sử dụng đất'}]","[{'title': 'Euroland.vn: Trang chủ', 'url': 'http://euroland.dichvuvietbaichuanseo.com/'}, {'title': 'Euroland.vn: Trang chủ', 'url': 'http://euroland.dichvuvietbaichuanseo.com/'}, {'title': 'CÔNG TY TNHH ĐẦU TƯ VÀ PHÁT TRIỂN EURO LAND ...', 'url': 'https://masothue.com/0315713572-cong-ty-tnhh-dau-tu-va-phat-trien-euro-land-viet-nam'}, {'title': 'CÔNG TY TNHH ĐẦU TƯ VÀ PHÁT TRIỂN EURO LAND ...', 'url': 'https://thuvienphapluat.vn/ma-so-thue/cong-ty-tnhh-dau-tu-va-phat-trien-euro-land-viet-nam-mst-0315713572.html'}, {'title': 'CÔNG TY TNHH ĐẦU TƯ VÀ PHÁT TRIỂN EURO LAND ...', 'url': 'https://thuvienphapluat.vn/ma-so-thue/chi-nhanh-ha-noi-cong-ty-tnhh-dau-tu-va-phat-trien-euro-land-viet-nam-mst-0315713572-001.html'}]"
https://hosocongty.vn/cong-ty-tnhh-bat-dong-san-hoang-thien-phat-com-1858383.htm,CÔNG TY TNHH BẤT ĐỘNG SẢN HOÀNG THIÊN PHÁT,315712360,CÔNG TY TNHH BĐS HOÀNG THIÊN PHÁT,,"T2 208/4 Đường 138, Tổ 3, Khu Phố 4, Phường Tân Phú, Quận 9, TP Hồ Chí Minh",PHẠM TIẾN SỰ,, 04/06/2019," Tư vấn, môi giới, đấu giá bất động sản, đấu giá quyền sử dụng đất",4/6/2019,TRUE,315712360,NNT đang hoạt động (đã được cấp GCN ĐKT),"[{'6820': 'Tư vấn, môi giới, đấu giá bất động sản, đấu giá quyền sử dụng đất'}]","[{'title': 'CÔNG TY TNHH BẤT ĐỘNG SẢN HOÀNG THIÊN PHÁT', 'url': 'https://thuvienphapluat.vn/ma-so-thue/cong-ty-tnhh-bat-dong-san-hoang-thien-phat-mst-0315712360.html'}, {'title': 'CÔNG TY TNHH BẤT ĐỘNG SẢN HOÀNG THIÊN PHÁT', 'url': 'https://masothue.com/0315712360-cong-ty-tnhh-bat-dong-san-hoang-thien-phat'}, {'title': 'CÔNG TY TNHH BẤT ĐỘNG SẢN HOÀNG THIÊN PHÁT', 'url': 'https://mytour.vn/vi/blog/ma-so-thue/0315712360-cong-ty-tnhh-bat-dong-san-hoang-thien-phat'}, {'title': 'CÔNG TY TNHH BẤT ĐỘNG SẢN HOÀNG THIÊN PHÁT', 'url': 'https://dauthau.net/vi/dn/CONG-TY-TNHH-BAT-DONG-SAN-HOANG-THIEN-PHAT/'}, {'title': 'CÔNG TY TNHH THƯƠNG MẠI DỊCH VỤ BĐS HOÀNG ...', 'url': 'https://masothue.com/3502472890-cong-ty-tnhh-thuong-mai-dich-vu-bds-hoang-thien-phat'}]"
